Revenue,Expenses,Profit Margin %,Marketing Cost,Development Cost,R&D Investment,Customer Acquisition Cost,Employee Cost,Cloud Infrastructure Cost,Operational Efficiency %,Quarter
5496714.153011233,2336803.9912623423,18.78494308322676,555300.9963309352,825044.9005295815,477836.1076166638,452.09525486024063,2188204.7630487583,149478.37126639226,78.86808520689203,Q2
4861735.6988288155,2551855.1678424245,10.389173379111874,440999.17815089587,714118.8917749494,344881.42836714664,295.14713489483034,1548974.2228212447,212377.46104975787,85.90980425185967,Q4
5647688.538100692,3597834.8840986094,19.3480296005283,504311.7234402226,824459.5006064568,318180.1116577693,243.32745864716298,1565168.4593626529,161732.39407889143,95.12270445700764,Q2
6523029.856408025,3488296.2123467717,21.778189294024756,691767.7793910948,908659.6058072776,399662.55425890477,178.90284859097383,2562717.3922073846,180984.14227717626,85.23709546106981,Q2
4765846.625276664,2983278.7248286814,17.067174516118506,528664.8602029855,809772.0140651409,382981.53774750716,155.7488258995244,1405294.0535663362,317141.6463208976,77.49308595641729,Q1
4765863.043050819,3093861.9066470256,24.38397906279033,506965.4822234223,808118.3382407764,354677.19506727246,173.26912455956082,2821336.4766279818,293832.27362532436,85.45088474084753,Q3
6579212.8155073915,4022131.91663074,11.131054004482134,296021.5788530121,659601.662438649,469638.7447456715,321.37013208091867,1549689.6326760657,109029.31341506816,76.44887833096891,Q3
5767434.729152909,2526742.888931336,8.776726483442914,611938.0349040831,667419.8164898104,495530.5208570511,340.6980018583947,2319195.9628041917,258081.26925154222,75.23903043284956,Q2
4530525.614065048,3437677.9049360305,6.106398755478606,596822.6271711614,519478.9456400613,408840.68862918473,173.50474383742932,1835690.7621255077,256797.75881441144,71.48585764286267,Q1
5542560.0435859645,2838245.8780528847,22.480221557445915,824488.208495819,1149915.3486373879,547753.0081055262,371.60306512608923,2301593.7155411714,119621.56978731672,90.63413358832108,Q4
4536582.307187538,2825855.037418224,18.27182828177029,453833.26475704985,551227.352921743,285831.0885866495,261.3551158653248,1727942.9989429037,257314.43506284023,66.81571334057999,Q3
4534270.246429743,3879021.4815897522,14.722076645447725,532872.5491495909,661418.9604408186,380634.0540720282,311.74344095884396,1918603.5469638528,307655.2342888787,90.32367724678116,Q2
5241962.271566034,3660333.0791904237,16.399843131599102,537407.5525566132,656318.5468861605,328317.7679397195,428.97765026043396,2020459.5876978606,121421.86356289103,79.99864123740372,Q3
3086719.7553422023,3650807.708800511,9.372554763508116,736617.9919645211,978984.8753888883,213346.338292694,371.74714526924254,1498906.2721092636,135774.80252900155,61.006938251980586,Q3
3275082.1674869675,4044383.0457234634,27.22875989808413,485705.6701419572,741010.0643415945,391731.9314157301,278.5175481675334,2370412.172710063,271236.3026790452,78.67649292991422,Q4
4437712.470759028,3016803.073306207,15.646105909876137,541853.2288655508,1049548.4145347467,387825.2491616717,228.704621966777,1743393.2167642075,219004.67175779535,53.99973492348376,Q1
3987168.879665576,3545562.3770359713,15.546973973024464,591184.4764574809,665301.8751512263,551344.9743242131,127.8547678936556,1885700.0423299908,238603.33926676662,81.25508016831036,Q4
5314247.332595274,2751786.5947252354,18.62883311949346,527991.3684734537,855798.8324447604,463081.16845547775,242.46773446060638,1502825.312695744,223841.24514803477,83.8523148298899,Q1
4091975.924478789,3259333.0819907538,17.405046158683568,433034.95781742077,632930.5893480486,297581.3175670795,283.1095808937844,718833.1706023447,227348.71446497008,69.07644044347947,Q3
3587696.2986647086,2895885.5565058524,16.119420121395656,529113.4989347461,1229029.8255546778,585409.2566334188,221.02563782790529,1904486.1186999155,107146.9510182242,76.23547695955583,Q2
6465648.768921554,3077596.7719941745,11.047627722773441,661044.7624789658,562480.3161940975,522103.3695525353,289.4994426326156,3206307.7108064583,273312.2394635014,94.54157433750287,Q4
4774223.699513464,3476125.620349531,17.357341785679978,346022.70508834097,861964.1420454055,458209.77034686157,306.1481506367015,2392302.143949012,281871.29946994415,69.94253295738064,Q1
5067528.204687924,2345423.453413222,24.41012248237517,519945.4511220314,926755.3761864197,377351.5901150168,282.0115214553537,1990369.8101328027,183942.64791523805,64.410924129434,Q3
3575251.813786543,4673909.820548369,21.727100230774887,394981.87775912404,882759.8194902997,304056.07632765203,247.99979353412323,1868554.585395866,196956.61351302962,89.81663402462598,Q1
4455617.2754748175,2195186.0948002385,22.965933133196984,679256.9943387264,762942.4682244584,362779.3223928947,313.4923737573382,2011232.946406023,92822.47482109944,94.62587190530795,Q1
5110922.589709866,2028649.1097698142,12.443921617844074,271521.9642824338,774035.8600533147,508874.8619704186,335.3552519655527,2273559.557587605,235997.83292124845,75.03695671847848,Q1
3849006.4225776973,3926488.6988000544,10.051975898707095,416161.72290926176,808762.2943958219,588458.6305934609,212.7680738045723,1409593.5923455777,240044.0209199901,85.11463035408356,Q3
5375698.018345672,3633330.1551703485,14.37106539950176,556581.7812596781,770599.5996743023,554324.352827219,412.8745903797016,2557160.847334436,195646.62881004822,88.41475915530881,Q2
4399361.310081195,3499295.853641724,15.278624561443474,734828.6043851511,992775.8233589819,351115.0578213726,292.1129494172591,2357690.657720622,278704.7351909352,67.57515767461616,Q2
4708306.250206723,3502676.407411424,20.470957592354743,490137.4608390518,1242104.6003182703,288038.2566710989,301.5079698355878,2359092.862853967,176614.59383140417,70.14694164632132,Q2
4398293.387770603,2990202.581722468,6.537676851425903,416720.0709960202,688501.6429984333,414088.6246911204,356.65715386052455,2219237.8694048636,239522.41481255202,87.30874513154735,Q1
6852278.184508938,2282196.502811335,22.64775159730307,782173.5604160884,526039.4040841844,223156.06344371484,318.6572905010801,2009808.328846995,128623.49629155191,91.85014278708509,Q3
4986502.775262066,3060643.646554981,14.209960507105054,282797.91493756336,782343.590329749,432316.77141847817,376.2509307130596,2336430.61798341,198351.34943880333,80.62880860174354,Q1
3942289.0710440995,2458270.630790311,12.8655946502629,170179.1065069877,1315941.8675308637,385239.7413701331,322.96993321614593,2295907.066870689,187795.2019468015,66.20185646497946,Q2
5822544.912103189,3780095.786734201,9.939478123699162,566002.1675079998,639265.0864060539,353396.3498131758,251.00501002876496,1822979.6445294882,215771.5545428659,94.87061111699441,Q2
3779156.3500289777,2882354.0947982892,6.725716640671154,424691.8663471083,1127823.3610888135,240529.69327332044,328.92028201648816,1713199.1135515496,174133.1149816649,69.69029102188036,Q3
5208863.595004755,2339602.242565991,19.115852919809573,346815.077430393,1135540.1628152882,451360.01065697166,208.50190341434705,2050928.1476309933,190796.91830298325,71.64862218828549,Q1
3040329.8761202246,2742891.326677605,15.366589835942019,606253.467094903,689282.3516584011,346729.91603380884,308.6847764621219,2774510.075747594,257823.30200090545,78.42337834489622,Q4
3671813.9511015695,3330345.1634204993,8.55019550129473,536570.1070656799,913796.615837055,283008.3164289712,297.3416007484431,1380446.4621730496,169426.5033933248,90.54160420714774,Q4
5196861.235869124,2549020.35775682,8.52460613968192,415388.20538949076,1125679.3246257077,112773.77867183508,283.35065141819683,1266237.3671237798,87539.60294829245,83.53975976552223,Q2
5738466.5799954105,2342223.683546855,13.321076503549358,307954.34019936586,724174.4518025026,397248.5094949364,289.7169990848855,2082380.4206182584,322470.87329437945,79.1486550036191,Q3
5171368.281189971,3194949.76919353,23.345107626446964,630868.5992420217,759283.9279795276,577225.1596669744,149.45207636018887,2025443.850928009,296701.78550833405,79.63288530118106,Q1
4884351.71761176,3195973.256886978,13.702043243181976,597530.1766937992,683663.8172102713,566125.921454787,256.1020073807231,2086670.8321852041,109541.6113426067,75.43514668643466,Q1
4698896.304410711,2594445.459703096,7.4842852344094695,485123.6204330926,597048.6538614266,354290.3743413728,307.42759209128917,2121976.59895425,248279.5463671636,80.58139514518507,Q2
3521478.0096325725,2623169.3555053417,13.771284679570279,776995.5494071499,670144.4909867985,339778.79396382195,312.78851135979204,1888398.8726825975,164791.766061406,49.70439922305697,Q2
4280155.791605291,3185639.949886109,13.636382151261648,339487.28505107714,555211.9466475487,446877.42560750234,217.78598872592335,2744931.719301041,218444.10507317417,72.03392540930201,Q1
4539361.229040213,1841532.5268021408,1.5155667852921422,271171.2243612892,806816.6936518452,300161.4560811708,401.2566272691761,1199548.0107617422,220595.68903094454,77.4132193491678,Q1
6057122.226218916,1874028.9804987558,14.728525667410938,396213.78951781336,646005.3537882717,430179.1899819466,230.70601214283994,1585751.487609877,183591.45397785745,63.48985916380493,Q2
5343618.2895684615,2425244.6229980513,13.84532734895661,493162.0975466753,846757.1823581496,476608.027838469,377.55657604213894,1948372.6199254764,145136.40340895223,78.86323317811559,Q1
3236959.8446372664,2829242.278630522,18.48103182406709,536500.9173984037,488820.8707592745,522693.32238843077,334.1755489497348,1178405.5944229164,151662.12633786185,72.95528779013878,Q4
5324083.969394795,3248726.052478404,24.244780474726724,463814.59132155054,866176.0464428915,389984.5923520047,248.30181521249574,1912072.7977839643,135866.56591631303,92.5547569831549,Q2
4614917.719583684,4180284.9735596413,20.632825147738785,552808.3094771445,966705.7923217849,379632.6249823034,442.024871408761,2830735.082864009,141772.44542386886,90.73019725214857,Q1
4323077.999694041,3686127.6985616153,13.655556547225848,312269.0863714334,401252.8714857089,312201.7413243439,204.5090534594816,2010443.2441479808,195297.51969654515,70.34194430881837,Q2
5611676.288840868,2872049.1760292584,9.467370456291649,716564.6906109889,874811.3139695144,317311.964596014,373.5323338888001,2115350.4528593416,149896.80076224738,73.49162288433304,Q3
6030999.522495951,2984787.033677849,27.866799016249303,487677.3232411147,1045533.7984946584,377352.1108098473,380.0465854434383,1369917.6174137099,247743.6445998834,74.26052434391607,Q2
5931280.119116198,2197976.508289753,15.296092170072441,667594.3747382192,558071.7962617589,436736.5506816178,246.3503832738684,1691819.2959802612,304107.2308735149,70.48340523840378,Q2
4160782.4767773617,2985189.491206088,15.069646459564732,551408.8019566556,1134514.4773675406,491358.46262332494,411.3972240051463,1812401.8098380314,159396.273104097,76.95024984028127,Q3
4690787.624148785,2769073.088863889,14.879374564449984,568512.9828730676,883803.8018732091,319682.1049319655,279.99627883208376,1841142.451621883,216758.3150374764,67.4171793111241,Q4
5331263.431403564,3258174.8482704717,15.990423803839274,585465.0920348306,658997.6288483182,549268.8568959521,323.0954903423886,2640821.8975018845,234977.95772120537,63.693846650624735,Q1
5975545.127122359,2338215.2451581415,14.278197940380288,567156.2840025972,788846.1844684588,372887.6398957431,320.82574710169763,2278845.5303625623,233040.1589643492,81.22711223900268,Q3
4520825.7621547105,3415477.2113929377,12.131689965598818,596408.4139801316,911665.3825043445,397863.27056515636,289.25530068235616,1444271.021531484,205316.86875412613,81.29529584221811,Q2
4814341.023336183,4226191.130402062,12.265705293798039,699372.8795198647,815201.0782824823,325278.83208521764,364.86466185278255,2123252.3892160025,251987.76928518058,66.95684240340007,Q1
3893665.025993972,2912991.881234514,14.836233648920008,529478.1754552205,907751.1984892739,157575.97397270583,363.47909764417705,2249110.8742483924,233757.42668764602,83.95355430762599,Q3
3803793.375919329,3321369.3776791533,12.282876144331176,606350.5636382769,615865.2813841267,488404.53963610495,160.11744214094554,2570074.5192606333,113363.63043708914,68.68422270834668,Q1
5812525.822394198,3552115.19336889,11.435771086614178,486539.645856916,833872.1648072156,473684.3897092433,404.3472194302522,2790270.343284187,260840.92450724912,77.53165238037981,Q1
6356240.028570823,2679023.622491331,15.532151138459485,716017.582317421,517257.10061900393,371867.2442881787,167.00064095714606,1492452.9040860657,262110.35860867193,83.20344012612456,Q3
4927989.878419667,3179273.9854483334,13.725113912895724,398541.15469110955,777754.7877302599,406699.0717224872,382.6036963473326,1594571.244394831,146569.97270749928,74.66387435296286,Q1
6003532.897892024,3010073.920625436,22.519964942913443,770141.0649366223,619218.4717070421,451593.9217704099,390.13641094620664,1371211.0705426917,202655.64848133214,79.54740912141135,Q4
5361636.025047634,3078140.8788390653,1.745150958034941,493976.3074033485,652894.0114820467,243745.41431134572,212.72268558278415,1882990.0704465094,247833.02949677486,69.83570356112428,Q3
4354880.245394876,2381592.172915627,20.45753425961231,285383.7346822928,1047218.6350420874,347094.73226537055,267.13485696363324,2233179.187223167,185348.0326294447,73.03533416571902,Q4
5361395.605508414,3019608.139407154,21.230425962488145,519215.6622366184,1018262.0241188537,479426.4679621827,211.54362652112513,2493667.2582945507,275108.4633436208,72.9414056911966,Q2
6538036.566465969,3398398.63299636,4.633048837959253,397842.2513787679,921827.6241814354,274571.0576830751,282.80631757690117,1962024.4881787386,365471.0746233553,67.53421653459762,Q1
4964173.960890048,4160914.8862360334,13.286562029598256,626096.5323483086,581537.4470654842,429355.79321666295,275.3572572651407,1840076.238372578,144980.97771555124,73.23225836884218,Q2
6564643.655814006,3767416.6608681655,13.142795670021043,402106.40310464136,736718.3100610396,264341.8195376595,362.37284258154716,2075878.9961243703,103326.87777923576,59.51381701136253,Q2
2380254.8959102556,4722545.966009245,7.962441526410894,433072.485017783,1042619.5399958367,446642.99824335263,404.82469968956866,1582428.5491849885,221267.3016923413,70.08846252857896,Q1
5821902.504375224,2386121.9496895606,11.110916562045624,216568.89035817038,828343.382727981,396435.85177025164,411.65470486319646,3044769.3608473865,250509.37535883003,72.15124506630329,Q3
5087047.068238171,3697856.5093765426,9.447120772670857,432154.0521126385,1263865.9079963388,238486.81840944904,255.02655787373584,1196169.4864409706,183839.35383086617,72.4382024750462,Q1
4700992.649534132,3146673.6045906814,23.761352217118116,136418.10100565653,878663.5678788744,516473.9354457171,283.26225010043777,2092370.2894478622,301728.24643247237,72.58502554129221,Q2
5091760.776535503,4751842.346574138,19.678391965737305,262414.57647714147,838409.8232980063,326540.84232019505,165.32494462232398,3011803.1096148198,106297.59401937258,74.38235800139871,Q2
3012431.085399107,2353361.371715879,21.357775474970794,614062.1984216446,738176.7071594998,318974.75629856193,235.53039468030488,2003399.922279999,248504.30361221277,79.79441518086064,Q3
4780328.1121624885,2328222.5262553794,18.608360320216175,617870.0237976249,826708.1809564565,420056.91972309427,377.1881306477966,1904980.4824992528,157589.74254687747,83.74517074132523,Q1
5357112.571511746,2520485.8836447825,9.354741143913854,563818.6342677447,769506.0327238912,514863.7349428715,429.24662588385854,1821277.2885947863,320356.45343451074,68.50234773151733,Q2
6477894.044741516,1300883.4205521545,12.377398668601131,354953.57853061805,941621.7353377182,298417.8181021603,201.25209024960623,1909804.159118796,339476.07472176827,62.967991446108556,Q4
4481729.781726353,2579395.982655391,17.44687280613959,492843.29657870304,991340.4633589168,406167.9849847972,252.60285926776845,2686424.237338265,146334.03885516565,64.57955587756896,Q2
4191506.3971068123,2392693.8707570415,8.889360955540273,499459.6191364147,642802.1078984101,442881.6500330573,297.88753944328585,894069.0443352466,161531.0004863994,70.12797078805073,Q2
4498242.956415463,3120315.0291809663,18.56499215086194,326245.29662111856,533753.4092884443,469310.56072631443,322.41289270556854,2766716.850648163,260171.15208858612,71.48078682183491,Q3
5915402.117702074,3273404.7806217275,13.798373009209325,725509.7452650726,432758.9253793407,417644.1555277225,235.23171840626833,1288021.4237749274,172900.85451473398,67.30003933802543,Q4
5328751.109659685,4500936.671372709,13.125895962252013,631604.3435863507,901598.2653825087,363297.21609166777,333.92488355712715,1866673.8353827926,196821.21474474334,62.038833357501055,Q2
4470239.796232961,3760339.0705488403,18.554799841017456,466855.37392555043,579326.6787652252,317240.97793512803,262.0928522343267,1785377.789850669,201777.18943796871,70.43879172525811,Q2
5513267.433113356,2538477.0754700773,17.2213165574302,504032.87584917963,369421.8814095034,408614.38830463745,298.84381832973764,2294276.63488536,65622.87906616405,76.81426620113972,Q4
5097077.5493480405,2281268.2629213138,13.1951691709046,531257.4211921329,877715.7209061928,292786.0988014393,343.702739840296,1200937.8240581262,199031.3577734034,80.95029465835565,Q1
5968644.990532889,3393535.3372052046,20.79664901682124,193739.7697363564,1298599.9034865582,107864.95165053924,300.513781584875,2231086.3330409713,151719.05581550783,69.42576946891678,Q1
4297946.906122647,1943813.4343834862,9.594683362000513,462923.39262191043,798785.8176920214,443655.98041576677,265.0891287578745,3012154.8116434263,165481.40243201595,70.87002177856566,Q2
4672337.853402232,4465167.012683483,18.07967803472132,397702.3628003302,967698.1548903284,490393.4841086195,291.23121568593353,1318412.9977035946,301054.240242817,65.73301691152689,Q2
4607891.846867843,3943552.0965770297,17.96550628984192,349756.9985157627,816365.871709513,163706.75644581617,292.9309632635732,2094853.0838051978,112044.51740045205,74.68560829625224,Q1
3536485.0518678813,2624659.4783162363,13.452267803430049,457834.95606710674,780222.0693617715,299026.92952900624,270.39911760942977,1669008.9111016954,256924.36307235842,66.51571365809185,Q3
5296120.277064576,1629492.376727298,16.63066511121059,769652.9790274284,983815.2965975536,461915.4261005198,279.2963149866318,2212943.6030965177,180472.5948767734,80.731278132412,Q4
5261055.2721798895,4083097.8993323306,8.744432118073485,596126.4291900515,741945.0911622697,605749.5469711699,427.8917736403773,2009573.888707876,180416.78820529158,57.14133508065889,Q4
5005113.456642461,2908368.1237979056,19.620135096034506,414323.1515325805,853478.4628143806,402079.37076754076,344.8735558352991,1679256.5454778452,255326.03272361978,71.40370327547538,Q3
4765412.866624853,3990253.049578769,14.075489317785054,585887.4172034238,864339.5612392027,327199.70587708656,276.36157455766715,2243936.142435537,223803.59061982232,78.01107339191742,Q3
3584629.257949586,1724457.8729645063,12.386384897404803,709903.3154879003,666381.9092713902,381710.355889516,355.75635236085884,2902174.0548933716,239942.90980536718,76.83834516322504,Q3
4579354.677234641,2520499.9816369815,20.245046129184445,638695.0524369153,998408.4699073045,537487.6419148184,273.2944408195192,1904548.1041363506,267772.9262373003,101.93033663980496,Q3
4657285.48347323,3004194.9597745463,11.478281547286205,508944.5554880261,765008.0486609183,335403.58208754647,393.8499710069313,2359878.971074091,176808.41317716741,78.49800024567908,Q3
4197722.730778381,3037584.4750117934,7.957693518182202,402959.4833441639,648850.968101431,320080.7993349746,329.57137537584754,1353363.5210644181,157143.4285844575,64.9594540315799,Q3
4838714.288333991,2639947.622816605,7.216854132380481,604733.4970420385,907301.9687140808,351725.64778179675,291.4158284796617,1521781.8115909956,124039.46314095413,74.04535752910927,Q4
5404050.856814538,3498279.945877999,18.030049756728197,559022.8078132625,620306.4036417925,304667.13917412877,335.8173540648222,2236203.1389401886,142221.26290147315,57.23753666533548,Q3
6886185.90121053,2145903.6564939246,8.597853237518585,634278.9830041599,805636.2314738256,412267.03159947955,174.32990783452004,2742058.0142679824,406436.60977161076,74.1940025070324,Q1
5174577.812831839,2886096.411982965,23.77397090992182,595275.7702522954,798176.2006711593,562467.8458469561,209.8586024872156,2177806.67439283,287127.5706515751,66.66943942999241,Q3
5257550.390722765,3096236.505369519,4.59035296058139,657432.9072979003,1017179.1131663156,432307.9273116029,204.48599948807555,1843470.9847384228,105424.7943654385,84.15390275560162,Q3
4925554.084233833,3411551.067246999,23.48228184145019,419714.7182659148,894939.6465759906,374764.6497873712,311.4354475810965,1999645.702711677,107427.9430279501,69.50459725404465,Q4
3081228.7847009585,3569291.902471112,16.05508733601309,697609.1098451489,794994.6082509712,370818.8731084456,438.60119995880734,1374796.1330151414,233730.62432029442,73.83234084204753,Q4
4973486.124550783,2100286.3265297045,14.516434440648037,529639.9407038599,963553.2598400575,243680.91913033428,478.50401169541055,2302257.6631776835,238308.5358164577,68.64442158595597,Q3
5060230.209941027,1772708.6634115023,12.275404565955252,811289.1308937898,1078041.5098034628,488310.9777147159,351.0440881152606,2441166.5311617046,238421.86847221552,92.38851351853332,Q4
7463242.112485286,4022141.457518807,16.995680571760353,396621.8272865648,911562.0612703725,392216.2802987198,340.06755799555657,1773954.8335834597,182153.09445124114,71.78757233882088,Q2
4807639.035218878,3265851.209583673,14.811826487875758,760394.5704747874,802070.5239686761,381952.00864093745,155.91538126778087,1764978.9261202493,191218.20179979698,93.32557043479201,Q4
5301547.342333612,2401210.7707547573,20.516509410082605,529686.6175193972,537632.7535299681,719310.7567844861,256.58609602127825,2132939.114826024,222951.56669115502,83.14151762118266,Q4
4965288.230294757,4240921.580418019,15.571138243310198,402287.29945783276,586977.2673849255,429875.29083656863,236.97729984734087,1781640.1319797023,206012.51044053314,79.82066727335386,Q4
3831321.962380468,3092539.707434287,15.751508807309389,427417.1248918518,738955.0591290665,324820.89499048155,250.33219213991072,1966933.6926870889,44648.97390767254,78.68733147317519,Q4
6142822.814515021,3943437.7472510613,13.18193893893072,451947.90377085196,678097.5595681433,357364.24037944566,286.54849451321684,3049860.894583258,183914.02585973643,78.93797298216252,Q1
5751933.032686774,3054014.7851280873,14.715271881394663,563624.8919602875,762605.7394029108,514844.57091967546,262.2327537842298,1876487.1496270017,140401.54960177804,55.7232742065439,Q1
5791031.947043047,4648598.33990559,16.539008844460295,578425.3232053249,811329.9849794215,411327.04105377645,141.65601516993698,1820829.9239893889,212264.79932359586,72.21116605849244,Q1
4090612.545205261,4404272.673954563,6.449158036716872,413944.99940921314,905938.5508713461,256172.20216826332,359.8328204894027,1676229.0971824205,408968.1301822387,83.45157971184321,Q3
6402794.310936099,2800828.681216741,8.259072889471435,496346.81116085255,785900.2443881817,491922.89345752035,214.18055794081548,2372095.9857499683,225723.7165832013,74.51102816525895,Q3
3598148.9372077193,3777256.760763484,18.716320470113576,821340.5537917796,897300.3287652404,333185.5914461006,319.13974912889194,1909387.9133909484,178052.92196793214,60.94810153196425,Q2
5586857.09380027,3516300.759668118,15.85432719063971,759131.4755151067,812894.8829620241,587329.7776217546,465.9266135799979,1675313.480839287,264526.10513840767,74.4759554942253,Q1
7190455.625809979,4094905.246025879,14.080083318236603,565448.5504511048,404906.68672922574,508004.80657146487,226.44923267308613,2660652.016136506,233788.1521046449,92.04105516255491,Q3
4009463.6748693115,2228061.231535916,15.092169665326965,505700.52172523004,612132.9212362492,355267.8104341249,97.57699818029363,2709801.5022568186,229406.6143316289,87.4689171553472,Q4
4433702.270397228,3548841.1679987516,16.737908526808354,518004.6990077392,771182.488855677,528101.6361735113,277.11966224959116,1699788.2171306475,242479.54152509698,74.37995990633968,Q4
5099651.365087641,3846739.5894796704,12.301201598453193,592027.6959095625,558061.0514317785,406785.5510527403,388.0767707998857,1066730.024319692,343958.0495380679,84.51449277058086,Q1
4496524.345883801,1593008.4108615087,11.108476372988436,346581.11522023915,919985.7459992409,485277.3675122219,456.6677963376475,2503756.844918461,120837.8095271859,71.33492979631949,Q2
3449336.5689338674,2053393.18986738,15.979226275488408,461393.51938649826,1106150.1664687395,448473.2817294475,201.63603244380664,1657685.087119998,233154.24537680182,57.96128413173281,Q2
5068562.9748060275,1368614.2577919196,10.10813611192484,249712.3889183616,1043752.3703394633,315364.33450091264,339.7359378589217,2395312.7995813843,135153.32090129232,65.75534011870445,Q4
3937696.286273895,2784474.5324443537,17.041263778572358,559883.4683907919,757311.4258139584,335645.0167682538,262.77516345759574,1014948.0911440823,238885.8852439574,90.62888768508198,Q2
5473592.430635181,3574033.80463677,6.487081978810798,597079.3909554111,1098145.2273699904,502996.08175811614,291.5241316556691,2446298.6691496545,135691.9441959734,72.26006918170695,Q1
4080575.765766197,4201885.641676823,20.14577818662822,427522.0306550939,829733.4914404224,366522.4667893459,511.5474677613628,1394414.0353596094,170784.3230476441,72.56616020624982,Q4
6549934.40501754,3059275.82433582,17.362987412065216,736098.0144935049,732582.8057763921,359635.1536758003,179.76237372838773,2365382.059533262,179343.70600334657,72.00161803725119,Q3
4216746.707663763,4302892.436457033,16.28014867156938,316135.1505496488,677319.4672918121,304487.7420650647,320.2991729195659,2007136.533918217,268307.17035412963,94.04136589573007,Q3
4677938.483794324,1895918.833428087,19.91345491972757,280343.767968527,739506.0627023743,442359.9065593461,337.41545374123467,1523030.2903016775,264291.81107596896,91.25958915362062,Q2
5813517.21736967,1637294.0485158763,23.32737222231288,533667.7727839958,722364.6362917542,606252.4919243145,386.8629059951478,1796481.8435366098,112799.78364875309,97.18780233448135,Q4
3769135.683566045,2955561.840882705,20.07185032509065,657064.7453918231,834083.2444750975,293246.7085745727,307.83865227767166,2343159.22847835,203845.3877699894,73.40954789599948,Q4
5227459.93460413,3307252.359151446,5.795628843341774,752589.1537186804,832114.7962099729,402421.9456672758,324.6440431603282,2052947.226557617,150329.41016755791,77.95624488747094,Q3
6307142.754282428,2973844.2015247256,8.602115166321493,431167.360569659,800609.2040306829,541222.0555415429,268.6681146062567,2292206.4902362423,111904.65625272658,59.833574505792086,Q4
3392516.7654387727,1346046.3199680988,11.875907111521606,661802.1250146944,887387.63394927,392035.8608754285,321.53015529960857,2988220.292257743,184808.80647029408,89.76934426118274,Q4
5184633.858532304,2928703.968389769,15.130455251054169,494223.7295748939,1038129.2549572682,445237.1796249734,272.5446179602072,1217879.1941444743,178406.20480809262,63.32220448732065,Q4
5259882.794248424,1956424.3995961174,17.588295102345615,474105.90500887705,989910.8270882647,293760.647185312,349.7257511884841,2808606.287484312,369870.1540441866,77.16775563762629,Q2
5781822.87177731,3535738.0390640306,11.371280934232672,632548.9906230009,503020.4063100193,442830.7097207649,270.4311731165093,2052177.9687616064,230307.18777524872,64.02697472367156,Q4
3763049.2891219184,3293278.5968774785,15.933833822385392,597848.4317620129,289215.77301960904,381285.5734995451,330.16803151217493,1550607.9758384358,103566.77494720339,69.11133173261304,Q1
3679543.386915724,2248096.1709381156,11.223085338233387,263541.17645236256,986863.9822478547,498572.9995679863,297.6589749052017,1334843.1871305052,160465.81970803405,66.627375689503,Q2
5521941.565616897,2588906.466130645,11.942410985040258,721481.0524588844,526624.2603169158,518738.6051564751,390.08402006177346,1905439.8046114834,271496.8306800579,68.92124739324183,Q4
5296984.673233186,2152629.1824888387,7.966694515758888,707013.7031221178,755046.9196214633,658956.3642018614,295.8885021129211,2460825.0559622296,346190.9941008948,69.60877296851021,Q4
5250492.850345876,2949856.7221814627,10.383833769445479,406165.5947735706,565977.3947881281,457963.31732135755,158.15740254344948,1936225.439811233,88981.16814334292,69.51731205074923,Q1
5346448.209496976,3764113.856400991,8.241576971918331,559370.5300156113,439603.9124839961,432579.63165821665,400.9537200571193,2755577.465123674,68405.29304026684,83.33333911780306,Q2
4319975.278421509,2211419.162931565,10.120633735113337,574104.5279424108,908292.5456409575,419438.4301577336,227.54141593099047,1274412.1549742206,330967.5622760247,63.9513720693748,Q3
5232253.697161004,3403237.2124142754,20.268208983039198,539101.0648735861,951831.0320605293,364683.3707189312,247.69869290809442,1993955.5260769727,227272.99241596326,77.20541427013868,Q3
5293072.473298681,2575793.9053020473,10.253005555840286,417454.226923187,684697.9198546561,433848.3843461691,252.34709647652062,1373803.2777934405,139219.50876865434,87.17959152305559,Q2
4285648.581973632,2365701.7341901246,28.161910324186955,399256.49480929226,281791.541571018,370459.85898609704,409.9550474536654,2181815.941312484,237424.03602857047,69.86803635486604,Q4
6865774.511144756,2914375.7120363535,17.466589504404446,496166.8893512832,690751.1103495035,416846.0976269614,129.14606288170435,2443443.6950486503,15497.658268818544,67.82081109252398,Q4
5473832.920911787,2171806.1420645006,15.92418061847437,675909.3528889047,878360.8010805093,531759.7535607959,551.0198826927995,1789619.1031594733,200236.28546180128,72.69475374819748,Q3
3808696.502797351,2557080.5557222543,10.708211099093933,581540.0231891648,504217.68624517426,299345.74347203586,384.48454472528414,697893.0716864329,222947.48209901596,86.7972520836071,Q3
5656553.608633829,2041697.6859289212,18.501549397044958,444407.8501870841,836671.9839558312,513987.85611290456,317.8591131303328,2099474.0733982474,264698.9097676481,76.94107630953357,Q3
4025318.3297726787,4571780.106333111,12.121810868811131,615754.8065972517,796938.0301654009,531711.5067339865,295.6084799506971,2218369.275866755,129027.28333952236,69.68785705392402,Q1
5787084.603742452,3028210.8415773828,15.610049073226808,72718.6069054887,915858.2999202177,388193.1473008921,322.8443259886126,2202147.3774808487,205998.10129823512,79.8387665118804,Q3
6158595.579007404,2440219.5936059314,27.800422691343975,672314.8550558155,823916.0736828307,187814.51009914055,341.6897942703471,2617891.095911077,135220.27617582888,63.977078501635766,Q1
4179317.68164829,3171183.9285873775,14.51970050137675,239042.93318328506,605386.2118236889,339217.80129055673,351.6172468760046,1464473.1601754755,217876.8628972022,81.81359510442948,Q2
5963376.129244322,2910137.560247336,20.74636663142838,445633.8587895302,1039314.3003328983,529699.454656111,344.4483572802759,2340108.0527252248,137325.7574345883,79.08607307701767,Q4
5412780.926936498,2823224.3203734215,11.484117874370563,332049.51580607845,768294.085394606,397713.1937701118,307.1664545004199,2596253.7562389877,171432.94125878456,71.92191528861116,Q3
5822060.15999449,3491333.36003474,14.825057547515192,305797.77864186413,794539.0920980136,300069.7767705089,284.21292637541393,1110706.2079967416,130292.92236468397,66.61414201552769,Q4
6896792.982653948,3606006.168037844,23.85400317817755,674124.0181067779,613346.4081853607,349522.50787717826,287.8981373077191,2159825.9129594886,245579.53692765598,66.13319077716542,Q4
4754611.883997129,2575599.081911578,11.865164711061162,429844.81980321626,711343.5497616979,484062.00265045534,284.40733757178555,1747910.0844961642,260091.57816596658,80.3481733634591,Q3
4246263.83564251,2539345.4074842557,24.062242789984644,551975.5822596074,623039.4571946198,454673.35682013794,390.70160774936517,1959238.663449177,183576.56010298105,87.28980502489063,Q3
4110485.5703744767,2779958.642278685,18.538759677277376,492961.9131681224,765410.7880153154,376106.7900830306,347.4845377824689,2173838.241769168,202676.65964720197,68.62692252971205,Q2
4184189.7150345617,1158463.0682115322,12.187666120528661,571556.1240834682,1142341.6960284687,363317.5588185312,64.76890922685757,1756385.717943224,98598.6009756519,79.58386703551484,Q1
4922898.290585896,1787847.1502411582,18.162038695277605,511523.2836590383,525619.7714137287,360824.1850956178,352.47206212238086,1662145.960419194,179022.6346395249,54.12972981397931,Q1
5341151.974816644,4093499.4139556196,19.86277224813365,307551.16637171456,477287.72042465175,307758.98155014974,315.578895577502,2017076.2087440123,196485.67680707786,69.153822693428,Q4
5276690.799330019,4315974.170801027,18.10904981108598,649440.022917071,1094234.0654987218,561537.5689469442,298.5032994843282,1456377.0305685988,383455.51637209824,74.68941067129099,Q3
5827183.249036023,2800771.1683548973,7.148876400547718,425936.5125258031,758135.2645696268,367767.953078866,268.91852375288914,1457087.4355574073,122162.30819580855,65.90316583018166,Q2
5013001.891877907,3461245.570444613,11.364314120875658,266512.71520103735,666185.4522680168,521715.85208254965,389.92901759888105,2339686.6414782517,302492.40671267064,65.63493625210404,Q2
6453534.077157317,3249000.1236348287,13.762406822242475,435782.7258551131,1007980.9374792153,552131.6051922451,375.8021169698286,1425602.982420672,269780.11414260656,68.32220443531114,Q2
4735343.166762044,5463104.64676419,14.627832854499768,725113.9685951467,678876.8920526272,499831.08981479605,238.16978657411127,2333156.250454606,219644.54831430956,77.92192728326373,Q2
7720169.166589619,3895659.9291476617,18.103360487753392,627533.2613170239,1165201.9427093873,356837.9687281952,332.5641829699628,2231295.6464269757,323103.4338936593,73.12670981593625,Q2
5625667.347765006,2897665.926815387,15.88850500466627,447702.1798388211,935585.1742678538,440373.0090336609,222.2674612366971,1137096.6356047015,226047.3830824804,52.61768766675028,Q1
4142842.4435837176,2235567.6475196593,8.323278206449494,447611.34435223567,702417.7183708595,397580.4393609084,189.63054681688556,1661217.6738321725,227241.143696755,53.792998473649334,Q1
3929107.501938888,1714842.943793942,16.900989255029817,451754.7423173926,1231461.6426531007,309629.8139269872,249.8626220328028,2597054.7015236863,196281.55428877182,68.93134822142825,Q1
5482472.415243185,3162770.9086937783,18.052928726419115,811512.1975341261,678857.0153993323,432435.9281721603,368.9914777906207,1509417.2344301592,285649.82176930393,79.57686586053552,Q3
4776537.214674149,2394919.403772557,17.7989522396552,557290.317834733,948419.0744018614,282096.02088401973,376.25000363008695,1767797.868845306,276752.84636676183,47.52495157274765,Q4
5714000.494092092,1862197.0323218608,20.403903627773108,564506.2470786604,859858.5160812984,518767.93884615635,341.04683360778347,2231030.4466259484,156202.58987526514,70.00269823848369,Q2
5473237.624573545,2482741.692605979,19.16961077274452,654542.5181047763,1060348.2578797597,353538.2702701607,358.0076629478398,2391695.2546412977,107652.69637808629,69.7375214348258,Q3
4927171.0873431275,2134761.5971084842,17.295900396142184,535818.3738539771,1112302.2393453706,420115.96558728395,341.29426296919667,1874230.5569777521,185791.355382304,88.88337778208448,Q2
4153206.281931595,4349713.308058051,14.649171442706765,461143.6781268945,806400.8298131534,428328.7871546142,248.6814723821638,1701244.9026541791,143997.30049216474,71.14978188287137,Q1
3485152.7753141355,3705311.8055595607,6.6951953324200435,470547.5226372533,649316.4259307634,374109.50262959226,334.5538035739153,2711184.9308492537,195553.27977692513,78.82988984740929,Q3
4553485.047932979,2993621.886946706,17.148091095662927,489259.8110878904,891994.4285878233,458669.3801475275,364.0327620182146,2869449.8318987894,286620.66942788975,76.41257140087463,Q1
5856398.794323472,4183955.3111120206,16.038438435815557,494416.66452352377,664456.9260495788,352509.6343377476,360.34330638508595,2489429.025390898,167988.8841439247,53.694335201928,Q2
5214093.7441302035,3061894.6461180947,16.357894185976868,609144.431545547,1202677.4495053245,487129.7297457244,395.1130697179714,2042659.071282512,197002.36330818976,82.68207216631737,Q2
3754261.221288012,2310972.638937389,8.616257120898453,507791.8828710949,827307.0662165475,265402.03197532514,356.6643077760851,1595867.1391795368,204061.59143658765,77.15396505456287,Q4
5173180.925851182,4218499.261815726,9.594717297958688,609896.0115823369,726935.6897375783,412637.9579546412,328.1158566033266,1584777.7967217173,259390.1617543699,80.0826863967459,Q2
5385317.379728837,3431128.034947727,20.26576426666452,487892.51298371266,836936.0611729816,593892.8999058285,385.6120190653142,2261257.0526328785,42717.74662107765,114.26237706436326,Q1
4116142.563798867,2170203.0765388347,14.802224230716725,511795.2785474136,530574.7420940606,299966.8675394425,297.8782992600752,2209199.110444342,157530.97936642924,54.158870605014116,Q2
5153725.105945528,2847729.0575331133,18.40750348686312,200269.89732018387,605677.1922978697,332225.5029475149,229.45002790178256,2700799.296473215,214789.85845956308,92.24696649761108,Q4
5058208.718446,2299505.3972921944,15.141591880652307,637449.1512053722,1040082.7815888851,451390.7849658915,286.95464288449887,2325225.0462680697,284005.5269498803,72.12552480599645,Q4
3857029.702169377,1893760.215228531,15.148780697478726,551973.2713846989,668621.1442057209,417958.1781939598,240.40778841548408,1248459.849120091,165566.82867456565,77.87328904403009,Q1
5357787.360348283,3740942.038025313,19.691419029879988,649701.5164789478,590617.8034636121,435063.0099273559,245.98573800204946,2525973.808861459,68641.31057706883,74.54487754698758,Q3
5560784.526368234,4527533.312376104,12.419776358913131,65561.69327094662,907330.5505054572,448918.71301476634,288.43850634275856,1500969.6863427935,243379.80121762955,70.75763666601956,Q2
6083051.2431752775,1881145.940944687,15.480603884704918,813256.2057171091,1037140.8309325994,463472.146856177,236.6064063200031,1808014.3640238242,155524.63278220594,69.30167071761241,Q4
6053802.052034903,3450375.3893524567,12.688623556474788,479061.55577672395,943790.6621330134,510969.9841956223,275.3630776288768,2125100.1031258474,116723.3338636747,78.29508735573009,Q2
3622330.632042909,2479485.9447025387,12.827518862838422,666227.4225106274,999209.5371611633,440981.86569285125,148.51082664369716,2997833.744891982,156295.82272007433,59.82826303328321,Q2
4062174.960084877,2610299.692988243,13.454139382656804,344014.1109311704,648640.9822861078,375874.23453814577,317.0634965898351,3554959.2780026803,187083.22496409054,82.50579167521765,Q3
5515035.26720866,2526084.8606089046,16.110668858168566,591916.0857593855,515637.86665163125,467257.37012027315,300.09643802897796,2303361.5295680915,157667.8734823251,70.83805595114745,Q4
5513785.950912209,2308807.3842561473,12.606256891682612,341987.6655239516,1100266.7303910973,589988.1934895215,234.63290951454474,1908401.690639806,45610.37600306515,63.69930660959642,Q2
5515047.686306048,3038817.3023558618,21.278780627867604,406434.6558956292,735464.0322315729,386736.6253617426,352.7396534745924,2267252.824240275,262794.63378209923,70.49987142004187,Q4
8852731.490654722,2335239.90687117,10.526963488902481,787104.7030800179,749833.3967089906,302547.06953293586,375.00561101012465,2443827.7129369183,289241.25288951054,87.57149216862572,Q1
5570890.510693167,3216365.460623871,14.065641779193205,471397.63988549804,1065638.8283698116,510708.0669286973,171.39521085048207,1839666.1872214042,245606.5393937654,69.64664912983777,Q1
6135565.640180599,2959809.5124406903,12.801344708629125,532614.9309769585,911246.001880132,387961.8836046402,238.98201771470286,2897605.677956161,120362.00307026284,78.5845361820962,Q2
5954001.763493203,2808841.562506872,22.234889421768663,630510.1596033131,891177.5544163216,182733.04539859638,238.46861201701614,2115035.379595701,185895.59262367373,67.69043724284526,Q4
5651391.251305798,2273949.0703667216,15.982773882557874,574352.2831958907,1233000.468980217,484742.16771504213,224.80775191129084,2248871.544545697,199543.50793393794,82.57921849923619,Q2
4684730.755359654,2538582.9355453337,20.159222697343175,522562.83577153645,671296.3539239714,346467.1814046077,366.3579873545399,2332962.1260272306,241915.60726933373,81.85507738790204,Q4
5758969.220493267,3604312.980660605,7.572198134815141,554744.1503699338,985568.0256162474,390946.67176958395,284.49390889817573,2210793.3053072277,246783.83421026566,93.48608833296412,Q4
4227174.785462428,3400733.7500995044,16.335251329346296,860512.3377857413,811402.624979417,433198.0330569015,278.83881269515115,2419470.250234806,148607.83408550528,73.24436054500785,Q3
4763181.393259991,2217955.8041611593,19.448153978117183,491357.18044496217,853718.4557726514,419049.96797790664,139.69101084745972,1691373.4067265384,205739.68894894922,81.68654804757907,Q3
4514636.452170896,3079465.8443433805,15.411419946377121,530164.8570072451,1105693.6852825063,470945.18171390396,350.8334424167381,1720849.1230269847,232009.62832306686,75.98067539538944,Q3
5081874.139386322,3601109.698697431,20.327401875326757,657598.1594011418,901567.1512579247,356451.36294301564,200.8593284117222,1449922.8835141526,301907.56255027367,87.95871781863015,Q2
7314658.566673509,1664475.7751029027,12.413557749498139,665828.8899436976,907659.2158099266,451310.5798176083,304.7946104213063,2219750.6153101134,249315.45778773061,67.81167612391269,Q3
3132734.807408252,3434688.153903948,22.0467372009279,678054.545834057,1014501.4674619604,374045.3322416083,322.1901550366553,2389468.251756057,255233.96811628633,82.45005312877281,Q3
5686260.190374513,2469900.9928433225,26.49449061809625,595809.5333043777,727009.454091423,473881.04808875034,408.8526876670921,2228886.433075943,205867.86395505528,73.05302703883318,Q1
3387284.1288103485,3456478.9348745276,13.185807197801704,328549.2630904275,632158.0665321987,461536.74840130535,195.29436807047102,2837246.2166737686,298732.14016424527,74.35811822891502,Q4
4528068.134210566,2389392.6747659864,12.77248739299614,745014.7298451643,591038.1611957933,306456.1297955405,58.439027534333974,1997201.9905854766,228683.39571716482,75.91752484448372,Q4
6088950.596967366,1556094.3194683848,22.266922385588504,328048.1910471968,406728.68212479964,508598.2116175032,314.7079635802956,2334370.827796256,139723.84628785006,77.52240396426677,Q3
5064280.019095463,1697966.04969347,22.897860728653562,545395.319785855,1211241.4259880644,346403.6554885952,444.0408945208683,1454149.5619303428,298235.8979087634,73.83770956878041,Q4
3922255.222070694,3038467.9573291056,12.385699864233658,386858.6224970963,579358.3268556634,480805.7798281145,399.115708235155,1806450.1487627996,248853.22907773193,77.14713183170527,Q1
4284696.290740032,3207778.0013771853,12.899065914520714,490379.2480110511,755749.2752828456,436728.73134013405,316.77275322197005,2347768.878782889,168986.91852100624,90.78118057562185,Q1
5679597.748934676,2276546.699916473,13.591076955697464,549314.3615455221,744637.3400222159,583818.3676795122,260.66910514943623,2424551.0553715723,166435.49228205296,84.85449685615218,Q3
4269633.368282863,3510873.9670218993,8.277747444828615,548203.582317541,861481.3395618201,377653.4017628148,364.56980773098485,1853016.526167909,220760.2881598533,83.69154592496896,Q1
5216458.589581975,1670783.950184832,10.406740267579009,563288.1131352927,963147.4425078593,365068.32038818026,222.1163040236425,1964200.3740709666,232422.93566873093,70.44460473976129,Q4
5045571.839903814,2947136.1610821467,9.97929616623966,742056.6903587971,972094.697671949,398058.03941122675,338.1086215484975,1241063.1266595954,213810.45859418446,66.10759171771676,Q2
4348399.652394183,2031187.0401900345,11.161012174479357,568030.145227097,683384.5122862123,369682.02171657246,340.4376127333301,1821485.3995966953,221791.60714100194,84.55300558237752,Q4
7143944.089325326,2478531.1137582725,14.826575563066093,463376.5047064027,766575.6572427177,479994.19019420503,384.8167925999104,2445191.5817598933,318997.0162203466,83.76046792529795,Q2
5633919.022318011,3037918.9370531314,16.171073662682602,644613.0752432536,856515.9900976599,238368.93915634122,520.7728031128862,2287602.508053283,275008.020656442,89.72670675750982,Q3
2974857.413342393,2311669.307772838,22.752502464070385,678420.573338696,750261.7747632905,294631.7580853646,331.39327737430136,2250332.860690605,213344.49138855172,68.9601937403077,Q2
5186454.314769427,2692355.56461614,10.008229796306045,315858.8277294511,1121469.1152039985,293219.7078420807,259.2829099434001,2024886.84359048,265891.7406537238,72.70451344639653,Q1
4338213.535231612,3805034.2473715525,19.921611992382918,589610.0104774787,898194.9903276502,495030.7591973576,297.95405502464047,2003531.5793140882,127723.32675307224,58.605158374745656,Q4
5852433.334796224,2538486.504381481,13.930055778872456,605175.9113466347,946975.5572099634,571061.3372581925,158.47392760887055,1669839.4302632764,227854.89349627664,71.07528893939127,Q2
4207479.261567299,3668553.6896521132,14.752681451737836,455365.4744960012,932576.2537334826,389555.07814625284,244.42294951287533,2349414.2101012673,326651.4444813177,84.96570510579447,Q4
4885263.558533101,2096234.5162739055,18.37409746083302,706356.0219967429,1034694.771497065,383117.82768099895,267.2574049509517,2210486.472194695,184736.78732253384,70.33504620771802,Q3
5504987.278980457,3423843.342332226,9.386389892188507,477491.661945121,836204.3117407414,407005.21631131816,258.0729281652326,2246009.4239963996,140665.62499666406,81.40479795200824,Q3
5865755.194170121,4153254.8965263204,16.912048730920255,518836.46802073135,540633.6104088307,516187.83026081906,312.18838976269774,1736982.5786662097,154353.77779848577,73.09496894002189,Q1
3799703.5929442234,1022684.3998981686,15.83226104106528,474039.22635741957,879937.5903505284,307264.6865809426,234.20640540942395,923328.5400643777,123725.68738603282,78.2405702822156,Q3
4665498.764159052,2362483.7956236186,17.462256320040744,502336.85713722015,669728.6212416342,423836.8982734785,389.68245338595773,2548576.355876848,145066.66643106076,63.523086101843326,Q2
4525054.6888390435,3461657.701744432,16.44584321953909,335558.7369657197,694276.6636500487,497519.76297824294,300.0165651934558,1760581.271995798,174064.43309869798,75.852094496339,Q3
4346670.767426288,2837563.691165606,27.27650069955447,283992.36761085584,917272.8037510186,450109.41699398455,299.2559743089108,1568612.1179784397,101610.30865749506,45.08864029099277,Q1
6765454.240281097,3296916.6986970473,11.81130007874342,739175.7594837458,1047656.6142867272,418958.1616598743,273.76842267896654,2346739.455956997,201093.28337647222,73.13103841838016,Q4
5404981.710960955,2516811.8506273436,12.345015224990911,372955.7977522508,804254.3153472124,500104.6092567141,312.41525470871835,1803993.6800404352,263159.4021650653,58.6952675628486,Q4
3739116.045664955,3069271.82997832,11.884297367876178,351291.1475815539,861766.6025197927,129676.7707000763,366.0078611734108,2529968.192023311,136457.06738971558,87.05994516546816,Q3
5917861.947054776,2875458.2116863364,12.222614404198726,176991.48295944277,1140442.9889270477,467787.53195309074,230.62958274312797,2308502.9747883487,306349.8746549238,82.77407352764511,Q2
7122156.197012633,3934225.649327846,11.813064363467412,404155.7378465747,848150.6358977137,334592.4316872576,247.35068087397946,2341784.6616002386,235755.44619693165,79.66670981966081,Q1
6032465.260551147,3203536.6746409703,20.94508265553776,301536.53098887525,1320336.622836079,216936.7103143543,275.7019176978668,1317022.1443997328,272140.640993684,90.2100622715938,Q2
3480630.034045987,3270082.1296601617,22.102521239949276,746302.2740204553,913101.9291263089,451120.2599524981,192.33032612214282,2605971.9926932002,153951.58123035042,65.51083479175162,Q1
4515765.927133748,2670498.427102026,12.14626853125262,651472.5634013951,447847.4481688365,537365.8545162957,234.4593712222802,2130625.265616928,259816.7658946631,92.47363197915558,Q3
6266911.149186622,2609915.020742005,10.838222134478857,396777.44822334143,950668.3242209065,386255.1485372308,261.90233011642727,1815361.4303768985,123564.62697232809,84.32191564260384,Q1
4292330.534381219,2653953.4497443032,17.35707778193202,837865.3708016463,876231.6769765555,495287.45472029387,369.9511344570182,2071694.2336711255,262317.3250585556,72.63444712781055,Q1
5443819.428146228,3315561.7139026374,12.238884778595143,647264.8230487391,1057950.550816549,561227.8257988645,321.004906320154,1111882.38355084,212028.7537855472,86.35620147182944,Q3
5774634.053429337,2663212.4153437894,18.164659088777555,451275.29247370665,934636.2702539917,531491.4453584048,315.4871929094036,2204326.4057403356,238727.58539893484,63.93706487588366,Q2
4073069.528421917,3231819.88551713,16.0146151042565,125089.14276896405,772308.8032032453,563996.4529371393,368.07183697343777,1485314.2459089642,117708.37760626039,66.75485838472326,Q3
4940474.6439382,4660320.638916351,7.42127942501384,843641.3858886112,555140.3527421269,474212.74910718924,289.01025692804825,1323664.8570782328,137345.11104063765,68.914102767603,Q1
1758732.6599309272,3696899.762745354,22.737526006650306,291564.1299854606,758195.3485427949,407543.3638901593,331.23718799431117,1238820.4068910545,241805.97527773693,69.71022291935985,Q3
3975612.3586657103,2739181.174265727,23.97938836547761,253190.18795646622,629895.90915814,239803.41881028315,291.7422597654003,2556344.1874949625,133615.63970430597,64.43442357239748,Q1
4747431.84860684,3960971.137731156,11.936056547578069,653385.564801446,683895.3100390554,375393.75118700514,321.2289879519703,1685368.3031536057,232424.44044693862,87.23083067095325,Q3
3752216.8180351504,2673539.7015827587,13.06149220032008,865962.8609508909,917715.6808841219,315675.34046838083,253.37930739107344,2766863.8549582497,104300.3535477828,72.41145599630168,Q4
6632411.303931635,1369500.371857717,16.429326953624525,707640.9227765778,1133980.9008702813,617094.2717497814,104.89462733788568,1732099.268473851,259372.19488666678,78.5250496835688,Q4
3569858.6220393674,2193530.951266077,16.672283949935125,584586.368007854,878934.3059645962,382411.41875676636,289.25766702509566,1146321.0212035268,113723.36796620436,69.2964863358632,Q3
4559955.513303016,1503366.4631793154,18.29272136336415,589213.1512497929,560823.3875929632,412320.48067844857,413.81985088799524,1441737.7800256703,238660.99563756664,56.79396699451483,Q2
5130740.577286092,2718789.212766953,25.051022693831747,628012.3338170461,888920.5336440281,455148.53760404675,374.0972321793274,2617905.810003469,243794.16535522006,77.70057358391422,Q1
6441273.289066115,3014734.7033516415,14.115263862529753,613839.2884680148,1039326.2973291302,404360.24463724537,377.23179876729364,1922050.9110316662,151225.97270992975,55.87745024580223,Q4
3564137.8488205606,4341149.849820226,11.008513777307732,542178.7135954064,678043.4191361235,569505.1040430753,398.89045774449744,1725856.3517546996,240741.85969593088,74.31365953914532,Q2
6163163.752154959,3261541.89901133,8.103403859927365,515630.1655927814,773196.5666654165,337735.0638265548,307.092607276915,2080009.1129263937,218230.95843334892,61.3168496116719,Q1
5010233.061019587,2824719.5769529087,11.345349800290405,490611.03081507166,802937.6389458394,419460.7455237243,315.78525659244764,2250891.3680837722,162281.0700665083,94.87275999230808,Q4
4018491.348952049,3663524.4649467915,14.834365135631014,386905.31166999857,643020.337383552,325752.9414301952,250.587848365252,2558699.40795123,129401.17211466543,84.11362722174722,Q4
5462103.47426327,1231091.7527936918,23.97278931758894,457898.7384699839,929656.0867687718,267997.7488779294,274.714171517836,2724249.614946463,62616.20158291946,76.0575379127148,Q3
5199059.69557347,3188491.646486853,12.411943504819142,246056.47787069218,775810.3702784437,338823.09090947144,349.26169198169134,1820115.677105457,224475.50331097856,87.63706677654669,Q1
4399783.122841205,3616692.1551095736,16.118939758194493,485249.0559807875,883906.4887814056,396296.3202951588,396.3107549735053,1336976.156958981,90463.80600465614,66.53684022534264,Q2
5069802.084990019,1817131.0033761268,14.91788551963624,351711.33392736234,622501.56443958,357069.777548274,288.84429794552005,1793267.419438362,206674.09396089157,80.43479378670094,Q2
4614686.40313824,3915003.234565543,20.94196636724042,334461.60241763433,712508.3399353179,330757.9020126144,263.9848588118871,2130140.253291443,181558.62487424255,76.99810433718713,Q2
5113517.345251248,3270797.125995531,27.63466212936811,526984.1226730217,944476.2715655542,259368.2536328166,300.0422367085278,1518120.5368946944,247539.99428067368,77.6402008133367,Q1
5662130.674521047,2667769.668879359,12.345656135398396,708800.3429516898,725433.3695816466,391689.4427371305,348.0965399143292,1521424.5425524786,178856.8150357095,87.72353500106767,Q2
6586016.816145352,3506225.492885028,12.55280278740889,637747.490900347,1145392.770246681,249527.96259689977,184.49161470931665,2171893.9407749427,176938.6549557036,82.32492102779803,Q2
3762184.5011731507,4816554.286243517,20.22080438534536,264424.9094565235,720072.7628770795,476005.5963689603,116.30552374902095,1975673.8242147744,251230.94930018068,77.88723662825024,Q2
7133033.3746562665,3145493.004046796,18.40945744813156,351555.77951444936,844936.9451503772,408243.97529345035,255.95705204067332,2016398.4977057932,223454.06203588823,58.45112563771704,Q3
3047912.200477498,3198576.469040269,24.23353662868017,641115.6781982323,986518.166374618,254244.85005350693,202.3430059268673,1620752.3326499653,222130.91700279448,65.39953704720537,Q3
4848214.904964416,2632511.2803678047,17.919640926629818,352626.89096925355,516326.85341339366,369079.09229501366,259.3487841882151,1884799.6428971163,232848.73128659683,73.77291066404275,Q1
5588317.206484577,2320124.5044281664,13.203539546064702,466305.0275004463,447838.23760384484,324784.3594409417,288.17757449460225,1537883.427865848,92509.9513755026,75.93372374276652,Q1
5280991.867735033,3664268.6532353964,17.953274153461546,582507.8148536828,494868.73708598106,431917.451041918,263.7401272781589,2445099.205562393,252975.20759908872,63.69796275326076,Q2
4377300.480179407,2315132.939272906,20.543517902914537,354748.3317704547,1052516.8206854365,534045.0446023145,416.19740275765963,2517624.6673618765,242872.81558095216,99.11676675578421,Q3
4791877.749642725,3057252.9897755138,19.102410905986822,515806.325921894,689628.3708215107,212482.75303542553,326.1395811681856,1076906.0688809531,128832.18099964519,90.16394055253573,Q4
4506999.065341167,2617874.0425879066,17.53637015553649,299896.1757622693,1311639.8571336505,411502.60791474173,324.0379487688663,1535244.569903795,182914.3668428059,81.02118320392483,Q4
4410635.243055789,3383183.8605971136,20.333373447945768,409794.85340731795,687150.4802685223,383986.72044333594,349.77657152347217,1251735.3724549604,197248.48986606582,75.72036861283745,Q2
5849602.097021025,3266929.684229559,20.846477952228362,547967.2901213806,836910.2606394074,467134.0076450466,208.89335057753846,1674988.032796551,190585.2250918787,72.87791030098849,Q2
5357015.485965047,3830031.9554063194,21.910794955187637,261050.9399702496,1108421.9905135753,421319.6628237689,383.1289429936215,1958281.0151048196,223370.19765979744,65.48081539977764,Q3
4307090.404739345,2591986.8809162024,18.243549437948214,566071.2106940598,1201218.5776318246,324803.0668261181,293.9388570771632,1275177.390150735,300195.67472818284,75.77480518518863,Q3
5899599.87543325,2784100.051765303,14.164409598415729,497054.3301609978,1212300.7153272796,368094.6064333382,353.638449379297,1539070.0934373434,275723.670937098,77.57752540142751,Q3
5307299.52087661,2216989.027374154,15.733568432166614,582873.4931625722,1041673.2461186284,320397.4143196511,214.25142135678755,1498021.3139592507,108144.65645980157,62.58239424518376,Q1
5812862.11883896,2644565.3919391106,21.032544832541785,533587.1201096992,1004812.5051622925,507600.71385985985,175.69929871871486,2103633.664699472,243544.8993214234,78.34176417244898,Q1
5629628.841923612,3301840.3944358816,10.91532164506382,704621.0644960767,918505.3898402366,402131.1648671942,365.4311726420023,2034672.1685181253,293025.33236747864,73.44740951175251,Q2
